{
  "config": {
    "lambda_se": 0.5,
    "lambda_ber": 0.5,
    "lambda_y": 0.01,
    "epochs": 150,
    "batch_size": 256,
    "lr": 0.001,
    "patience": 15
  },
  "baseline": {
    "tag": "Baseline",
    "yp_r2": 0.6908154487609863,
    "yp_rmse": 0.4739393677602368,
    "yp_mae": 0.3671417832374573,
    "se_r2": 0.8796035051345825,
    "se_rmse": 0.7472900067592705,
    "se_mae": 0.44573745131492615,
    "ber_r2": 0.8590683937072754,
    "ber_rmse": 1.791474361597142,
    "ber_mae": 0.9756773114204407,
    "violations_se": 163,
    "violations_ber": 671,
    "violations_yp": 9548,
    "best_val_loss": 0.5664670354333418,
    "total_params": 115843
  },
  "pinn": {
    "tag": "PINN",
    "yp_r2": 0.6881978511810303,
    "yp_rmse": 0.475941300054497,
    "yp_mae": 0.36867979168891907,
    "se_r2": 0.8709341287612915,
    "se_rmse": 0.7737274011938473,
    "se_mae": 0.471429705619812,
    "ber_r2": 0.8520517349243164,
    "ber_rmse": 1.835528973518294,
    "ber_mae": 1.1108325719833374,
    "violations_se": 64,
    "violations_ber": 642,
    "violations_yp": 9340,
    "best_val_loss": 0.5846549385580523,
    "total_params": 115843
  },
  "baseline_history": {
    "train_loss": [
      1.3279268813312501,
      0.72669025560967,
      0.6353510008718735,
      0.5885444057167024,
      0.5575339164500847,
      0.5338296991093714,
      0.5124876499176025,
      0.5002839397218891,
      0.48840110239229706,
      0.48212671593615886,
      0.4728883959745106,
      0.4648606618096058,
      0.4601074172590012,
      0.45501832899294403,
      0.42770538809604214,
      0.4205965531947918,
      0.41649047279716434,
      0.4151946770069294,
      0.4120001777222282,
      0.40568983106684864,
      0.4051016990403484,
      0.4034434424755268,
      0.40059949043101833,
      0.3857838045385547,
      0.38636645517851176,
      0.3845169037804568,
      0.38421979703401266,
      0.3822700081014992,
      0.3796121901587436,
      0.375894163111995
    ],
    "val_loss": [
      0.7473359847890919,
      0.6446421845205899,
      0.600742657636774,
      0.5846132081130455,
      0.572622903462114,
      0.5666783811717198,
      0.5783960027941342,
      0.5676183618348221,
      0.5802975163377565,
      0.5730823802536932,
      0.5714513238134056,
      0.5757280629256676,
      0.5737030064237529,
      0.5729940430871372,
      0.5664670354333418,
      0.5702735041749889,
      0.5754954732697586,
      0.5737066834137358,
      0.5724630838838117,
      0.5801293623858484,
      0.5784953842903006,
      0.5853303516733235,
      0.5790035293020052,
      0.5749823892938679,
      0.5806380448670223,
      0.5814808216588251,
      0.5810517802320677,
      0.5813456362691419,
      0.5786038256924728,
      0.5856828504595263
    ],
    "train_phys_loss": [
      0.0,
      0.0,
      0.0,
      0.0,
      0.0,
      0.0,
      0.0,
      0.0,
      0.0,
      0.0,
      0.0,
      0.0,
      0.0,
      0.0,
      0.0,
      0.0,
      0.0,
      0.0,
      0.0,
      0.0,
      0.0,
      0.0,
      0.0,
      0.0,
      0.0,
      0.0,
      0.0,
      0.0,
      0.0,
      0.0
    ]
  },
  "pinn_history": {
    "train_loss": [
      1.3317341903098543,
      0.7284948095343167,
      0.6484826881634561,
      0.5976622855304775,
      0.5702836453018332,
      0.543692743195627,
      0.5328377272401538,
      0.5165265469174636,
      0.5072410718390816,
      0.49857092150171894,
      0.4819996536226201,
      0.47434346456276744,
      0.4665407567544091,
      0.4642833681931173,
      0.45500275873600093,
      0.447928558166762,
      0.44702664040085066,
      0.44093822783097286,
      0.4260892578981873,
      0.41315756413273347,
      0.41335618002970415,
      0.40852218261338713,
      0.4053296919603993,
      0.4052731916868597,
      0.4035252886159079
    ],
    "val_loss": [
      0.7389038328466744,
      0.6608432695783418,
      0.6214141999853069,
      0.5977299398389356,
      0.5989174791451158,
      0.5889557486978071,
      0.5955478199597063,
      0.5894252421527073,
      0.5917022474880876,
      0.5846549385580523,
      0.5912532313116665,
      0.5871422054438755,
      0.5908837452017027,
      0.5918008870091932,
      0.6053210661329073,
      0.6031029450482336,
      0.6075476264131481,
      0.5915954441859804,
      0.5849402115262788,
      0.592198009121007,
      0.5914196639225401,
      0.5848746227807012,
      0.586631590950078,
      0.5916352241203703,
      0.5928275533791246
    ],
    "train_phys_loss": [
      0.04785289244964383,
      0.05584363378864482,
      0.05410843031634962,
      0.055208645592954825,
      0.05465440043157205,
      0.053433030339560116,
      0.054553818181717305,
      0.05442167303167788,
      0.05385479260992287,
      0.05451164164937528,
      0.05404238528887132,
      0.05443721721158888,
      0.05433478803002745,
      0.0541348573856784,
      0.054270532542377486,
      0.054044507583953384,
      0.05550917845807577,
      0.05452199663994904,
      0.053901181045107376,
      0.05419249981081575,
      0.05443680303213291,
      0.053559594192451106,
      0.05461703955118818,
      0.054830796008271385,
      0.053998674245033046
    ]
  }
}